model,AUC,PR_AUC
baseline,0.8591304347826086,0.8475767750294605
fair,0.8278260869565217,0.7946086517714741
jobbert,0.8904347826086957,0.8935889998898758
