model,NDCG,HIT@1,HIT@3,HIT@5,HIT@10
baseline,0.5208333333333334,0.5208333333333334,0.5208333333333334,0.5208333333333334,0.5208333333333334
fair,0.5208333333333334,0.5208333333333334,0.5208333333333334,0.5208333333333334,0.5208333333333334
jobbert,0.5208333333333334,0.5208333333333334,0.5208333333333334,0.5208333333333334,0.5208333333333334
