{
  "baseline": {
    "dp_diff": {
      "is_top_school": 0.022535321475554954,
      "school_category": 0.10642414860681113
    },
    "exposure_bias": {
      "is_top_school": 0.3854166666666667,
      "school_category": 0.13541666666666669
    },
    "cf_mean_shift": 0.015915607104166667
  },
  "fair": {
    "dp_diff": {
      "is_top_school": 0.013145604194073707,
      "school_category": 0.07474635383639824
    },
    "exposure_bias": {
      "is_top_school": 0.3645833333333333,
      "school_category": 0.19791666666666666
    },
    "cf_mean_shift": 0.005659735572916667
  },
  "bert": {
    "dp_diff": {
      "is_top_school": 0.000938971728148108,
      "school_category": 0.0692118318475139
    },
    "exposure_bias": {
      "is_top_school": 0.3333333333333333,
      "school_category": 0.23958333333333334
    },
    "cf_mean_shift": 0.007888038989583334
  }
}