{
  "baseline": {
    "r": 0.1,
    "mean_shift": 0.015915608033537865,
    "p95_shift": 0.04124218523502346,
    "flip_rate": 0.16666666666666666,
    "threshold": 0.6808725655078888
  },
  "fair": {
    "r": 0.1,
    "mean_shift": 0.005659735295921564,
    "p95_shift": 0.013570293784141539,
    "flip_rate": 0.15520833333333334,
    "threshold": 0.6932081282138824
  }
}